id,imdb_id,title,year,rating,duration_minutes,metascore,actors
50,tt0056592,Ako zabiť vtáčika,1962,8.3,129,88,"Gregory Peck,John Megna,Frank Overton"
20,tt0089881,Ran,1985,8.2,160,97,"Tatsuya Nakadai,Akira Terao,Jinpachi Nezu"
30,tt0040522,Kradljivci bicikla,1948,8.2,89,,"Lamberto Maggiorani,Enzo Staiola,Lianella Carell"
24,tt0032138,The Wizard of Oz,1939,8.1,102,92,"Judy Garland,Frank Morgan,Ray Bolger"
33,tt4729430,Klaus,2019,8.2,96,65,"Jason Schwartzman,J.K. Simmons,Rashida Jones"
34,tt0059578,For a Few Dollars More,1965,8.2,132,74,"Clint Eastwood,Lee Van Cleef,Gian Maria Volontè"
13,tt0253474,Pijanist,2002,8.5,150,85,"Adrien Brody,Thomas Kretschmann,Frank Finlay"
8,tt1205489,Gran Torino,2008,8.1,116,73,"Clint Eastwood,Bee Vang,Christopher Carley"
19,tt0077416,The Deer Hunter,1978,8.1,183,90,"Robert De Niro,Christopher Walken,John Cazale"
1,tt0070735,The Sting,1973,8.2,129,83,"Paul Newman,Robert Redford,Robert Shaw"
23,tt0382932,Ratatouille,2007,8.1,111,96,"Brad Garrett,Lou Romano,Patton Oswalt"
10,tt0092005,Prietenie,1986,8.1,89,75,"Wil Wheaton,River Phoenix,Corey Feldman"
16,tt2096673,Inside Out,2015,8.1,95,94,"Amy Poehler,Bill Hader,Lewis Black"
47,tt0107290,Jurassic Park,1993,8.2,127,68,"Sam Neill,Laura Dern,Jeff Goldblum"
49,tt0986264,Ca stelele pe Pământ,2007,8.3,162,,"Darsheel Safary,Aamir Khan,Tisca Chopra"
43,tt2582802,Whiplash,2014,8.5,106,89,"Miles Teller,J.K. Simmons,Melissa Benoist"
26,tt0110413,Leon zawodowiec,1994,8.5,110,64,"Jean Reno,Gary Oldman,Natalie Portman"
42,tt0120737,The Lord of the Rings: The Fellowship of the Ring,2001,8.9,178,92,"Elijah Wood,Ian McKellen,Orlando Bloom"
38,tt0027977,Modern Times,1936,8.5,87,96,"Charles Chaplin,Paulette Goddard,Henry Bergman"
14,tt0066921,Cỗ Máy Tội Phạm,1971,8.2,136,77,"Malcolm McDowell,Patrick Magee,Michael Bates"
46,tt1832382,"Nader și Simin, o despărțire",2011,8.3,123,95,"Payman Maadi,Leila Hatami,Sareh Bayat"
32,tt0047478,Bảy Võ Sĩ Đạo,1954,8.6,207,98,"Toshirô Mifune,Takashi Shimura,Keiko Tsushima"
29,tt5074352,Dangal,2016,8.3,161,,"Aamir Khan,Sakshi Tanwar,Fatima Sana Shaikh"
6,tt0112641,Casino,1995,8.2,178,73,"Robert De Niro,Sharon Stone,Joe Pesci"
11,tt0091251,Vem e Vê,1985,8.3,142,,"Aleksey Kravchenko,Olga Mironova,Liubomiras Laucevicius"
18,tt0056172,Lawrence Xứ Ả Rập,1962,8.3,227,100,"Peter O'Toole,Alec Guinness,Anthony Quinn"
55,tt0042192,Усе про Єву,1950,8.2,138,98,"Bette Davis,Anne Baxter,George Sanders"
53,tt0338013,이터널 선샤인,2004,8.3,108,89,"Jim Carrey,Kate Winslet,Tom Wilkinson"
21,tt2267998,Perdida,2014,8.1,149,79,"Ben Affleck,Rosamund Pike,Neil Patrick Harris"
4,tt1291584,Warrior,2011,8.1,140,71,"Tom Hardy,Nick Nolte,Joel Edgerton"
12,tt0118715,The Big Lebowski,1998,8.1,117,71,"Jeff Bridges,John Goodman,Julianne Moore"
48,tt0056058,Харакири,1962,8.6,133,85,"Tatsuya Nakadai,Akira Ishihama,Shima Iwashita"
51,tt0117951,Trainspotting,1996,8.1,93,83,"Ewan McGregor,Ewen Bremner,Jonny Lee Miller"
59,tt0112573,Braveheart,1995,8.3,178,68,"Mel Gibson,Sophie Marceau,Patrick McGoohan"
61,tt0080684,Star Wars: Episode V - The Empire Strikes Back,1980,8.7,124,82,"Mark Hamill,Harrison Ford,Carrie Fisher"
35,tt0095327,Hotaru no haka,1988,8.5,88,94,"Tsutomu Tatsumi,Ayano Shiraishi,Akemi Yamaguchi"
73,tt0114709,Toy Story,1995,8.3,81,96,"Tom Hanks,Tim Allen,Don Rickles"
69,tt1187043,3 Idiotas,2009,8.4,170,67,"Aamir Khan,Madhavan,Mona Singh"
56,tt15398776,Oppenheimer,2023,8.3,3,90,"Cillian Murphy,Emily Blunt,Matt Damon"
22,tt0047296,On the Waterfront,1954,8.1,108,91,"Marlon Brando,Karl Malden,Lee J. Cobb"
31,tt0050083,12 Người Đàn Ông Giận Dữ,1957,9.0,96,97,"Henry Fonda,Lee J. Cobb,Martin Balsam"
25,tt0053125,North by Northwest,1959,8.3,136,98,"Cary Grant,Eva Marie Saint,James Mason"
40,tt0099685,Chiến Hữu,1990,8.7,145,92,"Robert De Niro,Ray Liotta,Joe Pesci"
62,tt1745960,Top Gun: Maverick,2022,8.2,130,78,"Tom Cruise,Jennifer Connelly,Miles Teller"
2,tt6751668,Parasite,2019,8.5,132,97,"Song Kang-ho,Lee Sun-kyun,Cho Yeo-jeong"
58,tt0482571,プレステージ,2006,8.5,130,66,"Christian Bale,Hugh Jackman,Scarlett Johansson"
74,tt0032551,The Grapes of Wrath,1940,8.1,129,96,"Henry Fonda,Jane Darwell,John Carradine"
67,tt1454029,The Help,2011,8.1,146,62,"Viola Davis,Emma Stone,Octavia Spencer"
17,tt0211915,Amélie,2001,8.3,122,70,"Audrey Tautou,Mathieu Kassovitz,Rufus"
70,tt0078748,Quái Vật Không Gian,1979,8.5,117,89,"Sigourney Weaver,Tom Skerritt,John Hurt"
78,tt1375666,Inception,2010,8.8,148,74,"Leonardo DiCaprio,Joseph Gordon-Levitt,Elliot Page"
36,tt2380307,Koko dhe sekreti i madh,2017,8.4,105,81,"Anthony Gonzalez,Gael García Bernal,Benjamin Bratt"
57,tt10872600,Spider-Man: No Way Home,2021,8.2,148,71,"Tom Holland,Zendaya,Benedict Cumberbatch"
60,tt0093058,Glonţ cu cămaşă metalică,1987,8.2,116,78,"Matthew Modine,R. Lee Ermey,Vincent D'Onofrio"
63,tt0112471,Before Sunrise,1995,8.1,101,79,"Ethan Hawke,Julie Delpy,Andrea Eckert"
79,tt0816692,Interstellar,2014,8.7,169,74,"Matthew McConaughey,Anne Hathaway,Jessica Chastain"
27,tt0110912,Pulp Fiction,1994,8.8,154,95,"John Travolta,Uma Thurman,Samuel L. Jackson"
3,tt0172495,Гладијатор,2000,8.5,155,67,"Russell Crowe,Joaquin Phoenix,Connie Nielsen"
86,tt0015864,Goana după aur,1925,8.1,95,90,"Charles Chaplin,Mack Swain,Tom Murray"
54,tt2106476,The Hunt,2012,8.3,115,77,"Mads Mikkelsen,Thomas Bo Larsen,Annika Wedderkopp"
71,tt0169547,American Beauty,1999,8.3,122,84,"Kevin Spacey,Annette Bening,Thora Birch"
66,tt15097216,Jai Bhim,2021,8.6,164,,"Suriya,Lijo Mol Jose,Manikandan K."
88,tt0078788,Apocalypse Now,1979,8.4,147,94,"Martin Sheen,Marlon Brando,Robert Duvall"
95,tt0353969,Zagadka zbrodni,2003,8.1,131,82,"Song Kang-ho,Kim Sang-kyung,Kim Roe-ha"
39,tt0208092,Snatch,2000,8.2,104,55,"Jason Statham,Brad Pitt,Stephen Graham"
45,tt0469494,There Will Be Blood,2007,8.2,158,93,"Daniel Day-Lewis,Paul Dano,Ciarán Hinds"
82,tt0082971,Raiders of the Lost Ark,1981,8.4,115,86,"Harrison Ford,Karen Allen,Paul Freeman"
72,tt0346336,La meglio gioventù,2003,8.5,374,89,"Luigi Lo Cascio,Alessio Boni,Jasmine Trinca"
101,tt0054215,Psycho,1960,8.5,109,97,"Anthony Perkins,Janet Leigh,Vera Miles"
77,tt0070047,The Exorcist,1973,8.1,122,83,"Ellen Burstyn,Max von Sydow,Linda Blair"
15,tt0910970,WALL·E,2008,8.4,98,95,"Ben Burtt,Elissa Knight,Jeff Garlin"
64,tt0051201,Сведок оптужбе,1957,8.4,116,76,"Tyrone Power,Marlene Dietrich,Charles Laughton"
106,tt3170832,Room,2015,8.1,118,86,"Brie Larson,Jacob Tremblay,Sean Bridgers"
89,tt0076759,Chiến Tranh Giữa Các Vì Sao Tập 4: Niềm Hi Vọng Mới,1977,8.6,121,90,"Mark Hamill,Harrison Ford,Carrie Fisher"
97,tt0044741,A trăi,1952,8.3,143,92,"Takashi Shimura,Nobuo Kaneko,Shin'ichi Himori"
9,tt0071562,The Godfather 2. del,1974,9.0,202,90,"Al Pacino,Robert De Niro,Robert Duvall"
7,tt0120735,"Rub, stub & to rygende geværer",1998,8.1,107,67,"Jason Flemyng,Dexter Fletcher,Nick Moran"
93,tt0317705,The Incredibles,2004,8.0,115,90,"Craig T. Nelson,Samuel L. Jackson,Holly Hunter"
28,tt0073486,One Flew Over the Cuckoo's Nest,1975,8.7,133,84,"Jack Nicholson,Louise Fletcher,Michael Berryman"
80,tt0053604,The Apartment,1960,8.3,125,94,"Jack Lemmon,Shirley MacLaine,Fred MacMurray"
99,tt0364569,Олдбой,2003,8.3,2,78,"Choi Min-sik,Yoo Ji-tae,Kang Hye-jeong"
76,tt0057115,Marea evadare,1963,8.2,172,86,"Steve McQueen,James Garner,Richard Attenborough"
44,tt0053291,Ingen er fuldkommen,1959,8.2,121,98,"Marilyn Monroe,Tony Curtis,Jack Lemmon"
94,tt0120586,American History X,1998,8.5,119,62,"Edward Norton,Edward Furlong,Beverly D'Angelo"
91,tt0071315,Китайський квартал,1974,8.1,130,92,"Jack Nicholson,Faye Dunaway,John Huston"
37,tt0137523,Fight Club,1999,8.8,139,67,"Brad Pitt,Edward Norton,Meat Loaf"
111,tt1392214,Prisoners,2013,8.2,153,70,"Hugh Jackman,Jake Gyllenhaal,Viola Davis"
5,tt8503618,Hamilton,2020,8.3,160,88,"Lin-Manuel Miranda,Phillipa Soo,Leslie Odom Jr."
52,tt0017136,Thành Phố Trung Tâm,1927,8.3,153,98,"Brigitte Helm,Alfred Abel,Gustav Fröhlich"
112,tt0363163,Бункер,2004,8.2,156,82,"Bruno Ganz,Alexandra Maria Lara,Ulrich Matthes"
114,tt0012349,The Kid,1921,8.2,68,,"Charles Chaplin,Edna Purviance,Jackie Coogan"
75,tt0042876,Rashômon,1950,8.1,88,98,"Toshirô Mifune,Machiko Kyô,Masayuki Mori"
122,tt0167261,The Lord of the Rings: The Two Towers,2002,8.8,179,87,"Elijah Wood,Ian McKellen,Viggo Mortensen"
123,tt0120815,Private Ryan,1998,8.6,169,91,"Tom Hanks,Matt Damon,Tom Sizemore"
121,tt8579674,1917,2019,8.2,119,78,"Dean-Charles Chapman,George MacKay,Daniel Mays"
115,tt4633694,Omul-Păianjen: În lumea păianjenului,2018,8.4,117,87,"Shameik Moore,Jake Johnson,Hailee Steinfeld"
117,tt2024544,12 Years a Slave,2013,8.1,134,96,"Chiwetel Ejiofor,Michael Kenneth Williams,Michael Fassbender"
100,tt0347149,Howl's Moving Castle,2004,8.2,119,82,"Chieko Baishô,Takuya Kimura,Tatsuya Gashûin"
113,tt1255953,Incendies,2010,8.3,131,80,"Lubna Azabal,Mélissa Désormeaux-Poulin,Maxim Gaudette"
131,tt0129167,The Iron Giant,1999,8.1,86,85,"Eli Marienthal,Harry Connick Jr.,Jennifer Aniston"
130,tt0109830,Forrest Gump,1994,8.8,142,82,"Tom Hanks,Robin Wright,Gary Sinise"
110,tt0266543,У пошуках Немо,2003,8.2,100,90,"Albert Brooks,Ellen DeGeneres,Alexander Gould"
127,tt0074958,Network,1976,8.1,121,83,"Faye Dunaway,William Holden,Peter Finch"
65,tt8267604,Kapernaum,2018,8.4,126,75,"Zain Al Rafeea,Yordanos Shiferaw,Boluwatife Treasure Bankole"
81,tt0071853,Monty Python and the Holy Grail,1975,8.2,91,91,"Graham Chapman,John Cleese,Eric Idle"
134,tt0081505,The Shining,1980,8.4,146,68,"Jack Nicholson,Shelley Duvall,Danny Lloyd"
140,tt0072684,Баррі Ліндон,1975,8.1,185,89,"Ryan O'Neal,Marisa Berenson,Patrick Magee"
137,tt5323662,A Silent Voice,2016,8.1,130,78,"Miyu Irino,Saori Hayami,Aoi Yûki"
135,tt0034583,Casablanca,1942,8.5,102,100,"Humphrey Bogart,Ingrid Bergman,Paul Henreid"
83,tt0118799,Viața e frumoasă,1997,8.6,116,58,"Roberto Benigni,Nicoletta Braschi,Giorgio Cantarini"
138,tt0457430,El laberinto del fauno,2006,8.2,118,98,"Ivana Baquero,Ariadna Gil,Sergi López"
119,tt0477348,Không Chốn Dung Thân,2007,8.2,122,92,"Tommy Lee Jones,Javier Bardem,Josh Brolin"
141,tt0091763,Platoon,1986,8.1,2,92,"Charlie Sheen,Tom Berenger,Willem Dafoe"
90,tt3011894,Wild Tales,2014,8.1,122,77,"Darío Grandinetti,María Marull,Mónica Villa"
147,tt0038650,It's a Wonderful Life,1946,8.6,130,89,"James Stewart,Donna Reed,Lionel Barrymore"
68,tt0057565,Himmel og helvede,1963,8.4,143,90,"Toshirô Mifune,Yutaka Sada,Tatsuya Nakadai"
144,tt0096283,My Neighbour Totoro,1988,8.1,86,87,"Hitoshi Takagi,Noriko Hidaka,Chika Sakamoto"
143,tt1979320,Rush,2013,8.1,123,74,"Daniel Brühl,Chris Hemsworth,Olivia Wilde"
41,tt11032374,Demon Slayer: Kimetsu no Yaiba - The Movie: Mugen Train,2020,8.2,117,72,"Natsuki Hanae,Akari Kitô,Yoshitsugu Matsuoka"
92,tt1950186,Le Mans '66,2019,8.1,152,81,"Matt Damon,Christian Bale,Jon Bernthal"
103,tt0045152,Singin' in the Rain,1952,8.3,103,99,"Gene Kelly,Donald O'Connor,Debbie Reynolds"
84,tt0086250,Ông Trùm Mặt Sẹo,1983,8.3,170,65,"Al Pacino,Michelle Pfeiffer,Steven Bauer"
98,tt0035446,To Be or Not to Be,1942,8.1,99,86,"Carole Lombard,Jack Benny,Robert Stack"
87,tt0050976,The Seventh Seal,1957,8.1,96,88,"Max von Sydow,Gunnar Björnstrand,Bengt Ekerot"
124,tt0405159,Million Dollar Baby,2004,8.1,132,86,"Hilary Swank,Clint Eastwood,Morgan Freeman"
146,tt0102926,The Silence of the Lambs,1991,8.6,118,86,"Jodie Foster,Anthony Hopkins,Scott Glenn"
132,tt0017925,The General,1926,8.1,78,,"Buster Keaton,Marion Mack,Glen Cavender"
96,tt0021749,City Lights,1931,8.5,87,99,"Charles Chaplin,Virginia Cherrill,Florence Lee"
107,tt4430212,Drishyam,2015,8.2,163,,"Ajay Devgn,Shriya Saran,Tabu"
153,tt0264464,Catch Me If You Can,2002,8.1,141,75,"Leonardo DiCaprio,Tom Hanks,Christopher Walken"
133,tt0476735,Babam ve Oglum,2005,8.2,112,,"Çetin Tekindor,Fikret Kuskan,Hümeyra"
108,tt0209144,Kẻ Mất Trí Nhớ,2000,8.4,113,83,"Guy Pearce,Carrie-Anne Moss,Joe Pantoliano"
156,tt0103064,Terminator 2: Judgment Day,1991,8.6,137,75,"Arnold Schwarzenegger,Linda Hamilton,Edward Furlong"
157,tt0119217,Good Will Hunting,1997,8.3,126,71,"Robin Williams,Matt Damon,Ben Affleck"
109,tt4154796,Avengers: Endgame,2019,8.4,181,78,"Robert Downey Jr.,Chris Evans,Mark Ruffalo"
152,tt0252488,Hababam Sinifi: Sinifta Kaldi,1975,8.6,95,,"Münir Özkul,Tarik Akan,Kemal Sunal"
161,tt0055031,Judgment at Nuremberg,1961,8.3,179,60,"Spencer Tracy,Burt Lancaster,Richard Widmark"
158,tt0022100,M - Eine Stadt sucht einen Mörder,1931,8.3,117,,"Peter Lorre,Ellen Widmann,Inge Landgut"
85,tt29623480,Den vilde robot,2024,8.2,102,85,"Lupita Nyong'o,Pedro Pascal,Kit Connor"
163,tt0058946,Jazoir jangi,1966,8.1,121,96,"Brahim Hadjadj,Jean Martin,Yacef Saadi"
151,tt23849204,12th Fail,2023,8.7,147,,"Vikrant Massey,Medha Shankr,Anant Joshi"
150,tt0372784,Batman Begins,2005,8.2,140,70,"Christian Bale,Michael Caine,Ken Watanabe"
149,tt0119488,L.A. Confidential,1997,8.2,138,91,"Kevin Spacey,Russell Crowe,Guy Pearce"
164,tt0758758,Into the Wild,2007,8.0,148,73,"Emile Hirsch,Vince Vaughn,Catherine Keener"
166,tt1954470,Gangs of Wasseypur,2012,8.2,321,89,"Manoj Bajpayee,Nawazuddin Siddiqui,Tigmanshu Dhulia"
128,tt0180093,Requiem for a Dream,2000,8.3,102,71,"Ellen Burstyn,Jared Leto,Jennifer Connelly"
167,tt0047396,Rear Window,1954,8.5,112,100,"James Stewart,Grace Kelly,Wendell Corey"
184,tt0087843,Once Upon a Time in America,1984,8.3,229,75,"Robert De Niro,James Woods,Elizabeth McGovern"
102,tt0032553,Nhà Độc Tài Vĩ Đại,1940,8.4,125,,"Charles Chaplin,Paulette Goddard,Jack Oakie"
177,tt0031381,Gone with the Wind,1939,8.2,238,97,"Clark Gable,Vivien Leigh,Thomas Mitchell"
154,tt0043014,Sunset Blvd.,1950,8.4,110,94,"William Holden,Gloria Swanson,Erich von Stroheim"
126,tt0046268,The Wages of Fear,1953,8.1,156,85,"Yves Montand,Charles Vanel,Peter van Eyck"
168,tt15239678,Dune: Part Two,2024,8.5,166,79,"Timothée Chalamet,Zendaya,Rebecca Ferguson"
155,tt0120382,The Truman Show,1998,8.2,103,90,"Jim Carrey,Ed Harris,Laura Linney"
180,tt0050825,Paths of Glory,1957,8.4,88,90,"Kirk Douglas,Ralph Meeker,Adolphe Menjou"
191,tt1028532,Hachi: A Dog's Tale,2009,8.1,93,,"Richard Gere,Joan Allen,Cary-Hiroyuki Tagawa"
125,tt1130884,Shutter Island,2010,8.2,138,63,"Leonardo DiCaprio,Emily Mortimer,Mark Ruffalo"
187,tt0060196,"Il buono, il brutto, il cattivo",1966,8.8,161,90,"Clint Eastwood,Eli Wallach,Lee Van Cleef"
104,tt0114369,Seven,1995,8.6,127,65,"Morgan Freeman,Brad Pitt,Kevin Spacey"
189,tt0046438,Tôkyô monogatari,1953,8.1,137,100,"Chishû Ryû,Chieko Higashiyama,Sô Yamamura"
105,tt1201607,Harry Potter og dødsregalierne - del 2,2011,8.1,130,85,"Daniel Radcliffe,Emma Watson,Rupert Grint"
159,tt1675434,Untouchable,2011,8.5,112,57,"François Cluzet,Omar Sy,Anne Le Ny"
188,tt0119698,Princess Mononoke,1997,8.3,133,78,"Yôji Matsuda,Yuriko Ishida,Yûko Tanaka"
120,tt0405094,Khoảnh Khắc Cuộc Đời,2006,8.4,137,89,"Ulrich Mühe,Martina Gedeck,Sebastian Koch"
196,tt0086879,Amadeus,1984,8.4,160,87,"F. Murray Abraham,Tom Hulce,Elizabeth Berridge"
176,tt5027774,"Three Billboards Outside Ebbing, Missouri",2017,8.1,115,88,"Frances McDormand,Woody Harrelson,Sam Rockwell"
174,tt2278388,The Grand Budapest Hotel,2014,8.1,99,88,"Ralph Fiennes,F. Murray Abraham,Mathieu Amalric"
162,tt0107207,Nhân Danh Cha,1993,8.1,133,84,"Daniel Day-Lewis,Pete Postlethwaite,Alison Crosbie"
118,tt0064116,Vestens hårde halse,1968,8.5,166,82,"Henry Fonda,Charles Bronson,Claudia Cardinale"
139,tt0105236,Reservoir Dogs,1992,8.3,99,81,"Harvey Keitel,Tim Roth,Michael Madsen"
170,tt0113277,Kỳ Phùng Địch Thủ,1995,8.3,170,76,"Al Pacino,Robert De Niro,Val Kilmer"
201,tt1853728,Django Unchained,2012,8.5,165,81,"Jamie Foxx,Christoph Waltz,Leonardo DiCaprio"
178,tt26548265,Maharaja,2024,8.4,141,,"Vijay Sethupathi,Anurag Kashyap,Mamta Mohandas"
194,tt4154756,Răzbunătorii: Războiul infinitului,2018,8.4,149,68,"Robert Downey Jr.,Chris Hemsworth,Mark Ruffalo"
116,tt0046912,Telefonen ringer kl. 23,1954,8.2,105,75,"Ray Milland,Grace Kelly,Robert Cummings"
198,tt0036868,The Best Years of Our Lives,1946,8.1,170,93,"Myrna Loy,Dana Andrews,Fredric March"
185,tt0019254,La passion de Jeanne d'Arc,1928,8.1,110,98,"Maria Falconetti,Eugene Silvain,André Berley"
182,tt0118849,Діти небес,1997,8.2,89,77,"Reza Naji,Amir Farrokh Hashemian,Bahare Seddiqi"
129,tt0097576,Indiana Jones og det sidste korstog,1989,8.2,127,65,"Harrison Ford,Sean Connery,Alison Doody"
203,tt0114814,The Usual Suspects,1995,8.5,106,76,"Kevin Spacey,Gabriel Byrne,Chazz Palminteri"
136,tt10272386,The Father,2020,8.2,97,88,"Anthony Hopkins,Olivia Colman,Mark Gatiss"
199,tt0095016,Die Hard,1988,8.2,132,72,"Bruce Willis,Alan Rickman,Bonnie Bedelia"
169,tt0116282,파고,1996,8.1,98,88,"William H. Macy,Frances McDormand,Steve Buscemi"
175,tt1049413,Vút Bay,2009,8.3,96,88,"Edward Asner,Jordan Nagai,John Ratzenberger"
181,tt0198781,Compania monștrilor,2001,8.1,92,79,"Billy Crystal,John Goodman,Mary Gibbs"
195,tt0892769,Cum să îți dresezi dragonul,2010,8.1,98,75,"Jay Baruchel,Gerard Butler,Christopher Mintz-Plasse"
192,tt0361748,Безславні виродки,2009,8.4,153,69,"Brad Pitt,Diane Kruger,Eli Roth"
183,tt0133093,The Matrix,1999,8.7,136,73,"Keanu Reeves,Laurence Fishburne,Carrie-Anne Moss"
210,tt0407887,The Departed,2006,8.5,151,85,"Leonardo DiCaprio,Matt Damon,Jack Nicholson"
213,tt0050212,The Bridge on the River Kwai,1957,8.1,161,88,"William Holden,Alec Guinness,Jack Hawkins"
214,tt0105695,Unforgiven,1992,8.2,130,85,"Clint Eastwood,Gene Hackman,Morgan Freeman"
165,tt0083658,Blade Runner,1982,8.1,117,84,"Harrison Ford,Rutger Hauer,Sean Young"
200,tt0381681,Trước Lúc Hoàng Hôn,2004,8.1,80,91,"Ethan Hawke,Julie Delpy,Vernon Dobtcheff"
179,tt0088247,The Terminator,1984,8.1,107,84,"Arnold Schwarzenegger,Linda Hamilton,Michael Biehn"
142,tt0268978,Et smukt sind,2001,8.2,135,72,"Russell Crowe,Ed Harris,Jennifer Connelly"
216,tt1345836,The Dark Knight Rises,2012,8.4,164,78,"Christian Bale,Tom Hardy,Anne Hathaway"
209,tt7286456,Joker,2019,8.3,122,59,"Joaquin Phoenix,Robert De Niro,Zazie Beetz"
217,tt0395169,Hotel Rwanda,2004,8.1,121,79,"Don Cheadle,Sophie Okonedo,Joaquin Phoenix"
215,tt0978762,Mary and Max,2009,8.1,92,72,"Toni Collette,Philip Seymour Hoffman,Eric Bana"
207,tt0111161,The Shawshank Redemption,1994,9.3,142,82,"Tim Robbins,Morgan Freeman,Bob Gunton"
218,tt0040897,Comoara din Sierra Madre,1948,8.2,126,98,"Humphrey Bogart,Walter Huston,Tim Holt"
171,tt0073195,Jaws,1975,8.1,124,87,"Roy Scheider,Robert Shaw,Richard Dreyfuss"
221,tt0031679,Mr. Smith Goes to Washington,1939,8.1,129,73,"James Stewart,Jean Arthur,Claude Rains"
226,tt0107048,Groundhog Day,1993,8.0,101,72,"Bill Murray,Andie MacDowell,Chris Elliott"
145,tt0167260,Ringenes herre: Kongen vender tilbage,2003,9.0,201,94,"Elijah Wood,Viggo Mortensen,Ian McKellen"
227,tt0266697,Kill Bill: Vol. 1,2003,8.2,111,69,"Uma Thurman,David Carradine,Daryl Hannah"
173,tt0055630,Yôjinbô,1961,8.2,110,93,"Toshirô Mifune,Eijirô Tôno,Tatsuya Nakadai"
229,tt0057012,Dr. Strangelove or: How I Learned to Stop Worrying and Love the Bomb,1964,8.3,95,97,"Peter Sellers,George C. Scott,Sterling Hayden"
202,tt0325980,Pirates of the Caribbean: The Curse of the Black Pearl,2003,8.1,143,63,"Johnny Depp,Geoffrey Rush,Orlando Bloom"
205,tt4016934,Người Hầu Gái,2016,8.1,145,85,"Kim Min-hee,Ha Jung-woo,Cho Jin-woong"
230,tt0245429,Spirited Away,2001,8.6,124,96,"Daveigh Chase,Suzanne Pleshette,Miyu Irino"
224,tt3315342,Logan,2017,8.1,137,77,"Hugh Jackman,Patrick Stewart,Dafne Keen"
228,tt0095765,Cinema Paradiso,1988,8.5,174,80,"Philippe Noiret,Enzo Cannavale,Antonella Attili"
148,tt0052357,Vertigo,1958,8.2,128,100,"James Stewart,Kim Novak,Barbara Bel Geddes"
239,tt0434409,V for Vendetta,2005,8.1,132,62,"Hugo Weaving,Natalie Portman,Rupert Graves"
206,tt0097165,Dead Poets Society,1989,8.1,128,79,"Robin Williams,Robert Sean Leonard,Ethan Hawke"
223,tt0110357,The Lion King,1994,8.5,88,88,"Matthew Broderick,Jeremy Irons,James Earl Jones"
225,tt0435761,Câu Chuyện Đồ Chơi 3,2010,8.3,103,92,"Tom Hanks,Tim Allen,Joan Cusack"
244,tt0062622,2001: A Space Odyssey,1968,8.3,149,84,"Keir Dullea,Gary Lockwood,William Sylvester"
241,tt0041959,Третя людина,1949,8.1,104,97,"Orson Welles,Joseph Cotten,Alida Valli"
160,tt6966692,Green Book,2018,8.2,130,69,"Viggo Mortensen,Mahershala Ali,Linda Cardellini"
242,tt0090605,Aliens,1986,8.4,137,84,"Sigourney Weaver,Michael Biehn,Carrie Henn"
220,tt0084787,The Thing,1982,8.2,109,57,"Kurt Russell,Wilford Brimley,Keith David"
186,tt1392190,Mad Max: Fury Road,2015,8.1,2,90,"Tom Hardy,Charlize Theron,Nicholas Hoult"
232,tt9362722,Spider-Man: Across the Spider-Verse,2023,8.5,140,86,"Shameik Moore,Hailee Steinfeld,Brian Tyree Henry"
235,tt0052618,Бен-Гур,1959,8.1,212,90,"Charlton Heston,Jack Hawkins,Stephen Boyd"
247,tt0059742,The Sound of Music,1965,8.1,172,63,"Julie Andrews,Christopher Plummer,Eleanor Parker"
240,tt0033467,Citizen Kane,1941,8.3,119,100,"Orson Welles,Joseph Cotten,Dorothy Comingore"
237,tt0317248,Orașul zeilor,2002,8.6,130,79,"Alexandre Rodrigues,Leandro Firmino,Matheus Nachtergaele"
238,tt0088763,Back to the Future,1985,8.5,116,87,"Michael J. Fox,Christopher Lloyd,Lea Thompson"
193,tt5311514,Your Name.,2016,8.4,106,81,"Ryûnosuke Kamiki,Mone Kamishiraishi,Ryo Narita"
243,tt0082096,Trận Chiến Tàu Ngầm,1981,8.4,149,85,"Jürgen Prochnow,Herbert Grönemeyer,Klaus Wennemann"
172,tt0080678,The Elephant Man,1980,8.2,124,78,"Anthony Hopkins,John Hurt,Anne Bancroft"
250,tt0036775,Double Indemnity,1944,8.3,107,95,"Fred MacMurray,Barbara Stanwyck,Edward G. Robinson"
249,tt0120689,The Green Mile,1999,8.6,189,61,"Tom Hanks,Michael Clarke Duncan,David Morse"
211,tt0068646,The Godfather,1972,9.2,175,100,"Marlon Brando,Al Pacino,James Caan"
236,tt0108052,Bản Danh Sách Của Schindler,1993,9.0,195,95,"Liam Neeson,Ralph Fiennes,Ben Kingsley"
190,tt0086190,Star Wars: Episode VI - Return of the Jedi,1983,8.3,131,58,"Mark Hamill,Harrison Ford,Carrie Fisher"
222,tt1895587,Spotlight,2015,8.1,129,93,"Mark Ruffalo,Michael Keaton,Rachel McAdams"
208,tt0050986,Trái Dâu Dại,1957,8.1,92,88,"Victor Sjöström,Bibi Andersson,Ingrid Thulin"
197,tt0015324,Sherlock Jr.,1924,8.1,45,,"Buster Keaton,Kathryn McGuire,Joe Keaton"
204,tt2119532,Hacksaw Ridge,2016,8.1,139,71,"Andrew Garfield,Sam Worthington,Luke Bracey"
231,tt0075148,Rocky,1976,8.1,2,70,"Sylvester Stallone,Talia Shire,Burt Young"
212,tt0075314,Taxi Driver,1976,8.2,114,94,"Robert De Niro,Jodie Foster,Cybill Shepherd"
246,tt0113247,La haine,1995,8.1,98,,"Vincent Cassel,Hubert Koundé,Saïd Taghmaoui"
219,tt0468569,The Dark Knight,2008,9.1,152,85,"Christian Bale,Heath Ledger,Aaron Eckhart"
234,tt1305806,Øjnenes hemmelighed,2009,8.2,129,80,"Ricardo Darín,Soledad Villamil,Pablo Rago"
233,tt0993846,The Wolf of Wall Street,2013,8.2,3,75,"Leonardo DiCaprio,Jonah Hill,Margot Robbie"
245,tt0081398,Raging Bull - Tyren fra Bronx,1980,8.1,129,90,"Robert De Niro,Cathy Moriarty,Joe Pesci"
248,tt0167404,Den sjette sans,1999,8.2,107,64,"Bruce Willis,Haley Joel Osment,Toni Collette"
